Date,Open,High,Low,Volume,Change,ma5,ma10,ma20,rsi,vix,snp,ex,Close
2019-01-02,0.603875968992248,0.6077519379844961,0.5933014354066986,0.04883640541617148,0.20377564691282438,0.30204962243797195,0.27920962199312716,0.2670333027803239,0.6440419374089115,0.16416022487702037,0.23732752992383035,0.06472531506178836,374000
2019-01-03,0.5875968992248062,0.5968992248062015,0.5972886762360446,0.04304493394390911,0.3515904158332309,0.31715210355987056,0.28035509736540665,0.27344943476932476,0.6553288376273749,0.1955024595924104,0.18323394994559283,0.10002447081854969,376500
2019-01-04,0.586046511627907,0.5976744186046512,0.6004784688995215,0.038879104020648085,0.3715423294100949,0.3284789644012945,0.2845074455899198,0.2805530094714329,0.6761160729724587,0.13829936753338018,0.2564004352557127,0.0447204208980787,381000
2019-01-07,0.5984496124031008,0.6062015503875969,0.6124401913875598,0.03633595275170613,0.39586063192482634,0.3376483279395901,0.2902348224513173,0.2887259395050413,0.7080322253938522,0.13858046380885453,0.27185201305767137,0.049675761654228046,388000
2019-01-08,0.5953488372093023,0.6031007751937985,0.6052631578947368,0.03106858442768397,0.3067485768998715,0.33737864077669905,0.302262313860252,0.29659333944393523,0.6917496975099551,0.12550948699929723,0.2933710554951032,0.08130429462865509,386000
2019-01-09,0.6023255813953489,0.603875968992248,0.6084529505582137,0.02888196815217427,0.33608468799852337,0.34439050701186624,0.31285796105383734,0.30461350443018637,0.696777767056457,0.1186226282501757,0.30255495103373226,0.05285696806558239,387000
2019-01-10,0.6023255813953489,0.6062015503875969,0.6164274322169059,0.028918510519922176,0.3360593328993829,0.3505933117583603,0.3241695303550974,0.31278643446379467,0.702098421496697,0.11187631763879129,0.31272252448313365,0.050471063257065935,388000
2019-01-11,0.6054263565891473,0.6131782945736434,0.6188197767145136,0.0357937430248521,0.3994860936229372,0.35841423948220064,0.33433562428407787,0.31301558203483043,0.7417935528207003,0.09346451159522139,0.3123917301414582,0.05316285329744312,395500
2019-01-14,0.6155038759689923,0.6317829457364341,0.6331738437001595,0.06153998097163193,0.3980977150706258,0.36650485436893204,0.34349942726231386,0.31431408493736634,0.7789241749956878,0.10583274771609277,0.30050924918389554,0.07500305885231853,403000
2019-01-15,0.6217054263565891,0.6325581395348837,0.6395534290271132,0.04180084738787913,0.3356707644321529,0.3762135922330097,0.34851088201603664,0.31339749465322336,0.7838442989979398,0.09922698524244557,0.32461371055495114,0.08142664872139938,404000
2019-01-16,0.627906976744186,0.6302325581395349,0.6347687400318979,0.036857093005264074,0.27939608369233865,0.3826860841423948,0.3556701030927835,0.3145432325084021,0.7290764217557514,0.10541110330288123,0.3296626768226331,0.06876300012235413,399000
2019-01-17,0.6186046511627907,0.6193798449612403,0.613237639553429,0.05410377374019364,0.20286690007461378,0.38160733549083065,0.3583906071019473,0.3166055606477238,0.6011001370394097,0.09163738580463808,0.34695103373231767,0.0805089930258172,386000
2019-01-18,0.6007751937984496,0.6201550387596899,0.6100478468899522,0.043901539717603216,0.46364619177576466,0.38403451995685006,0.3638316151202749,0.32172318973418884,0.686031582191222,0.08798313422347155,0.3772013057671382,0.10118683469962046,400000
2019-01-21,0.6286821705426356,0.6356589147286822,0.6323763955342903,0.04354171261896845,0.29786529898218844,0.3807982740021575,0.36640893470790376,0.3261533761075466,0.6580538179907632,0.11960646521433592,0.3525157780195864,0.1520861372812928,397000
2019-01-22,0.6162790697674418,0.6310077519379845,0.6283891547049442,0.060953986245584464,0.3930560629658832,0.3807982740021575,0.3715635738831615,0.33531927894897645,0.6990914361699815,0.13014757554462406,0.3442872687704026,0.13599657408540325,404000
2019-01-23,0.627906976744186,0.6286821705426356,0.631578947368421,0.04011035136638826,0.27939608369233865,0.3807982740021575,0.375,0.34280476626947753,0.6503350207514464,0.11215741391426563,0.34933623503808464,0.10351156246176477,399000
2019-01-24,0.6170542635658914,0.6232558139534884,0.6339712918660287,0.02774783790990825,0.3500040655072799,0.38915857605177995,0.3788659793814433,0.35090131377940725,0.6663075925861882,0.10330288123682363,0.35249619151251343,0.11752110608099861,401500
2019-01-25,0.6193798449612403,0.6263565891472869,0.6371610845295056,0.029069947359237812,0.3404226833851429,0.3907766990291262,0.38101374570446733,0.35747021081576535,0.6762086949014149,0.08264230498945892,0.37202176278563664,0.05652759084791391,403000
2019-01-28,0.6248062015503876,0.6325581395348837,0.6379585326953748,0.039988214263375,0.3168737648299331,0.3934735706580367,0.38072737686139746,0.36220592728383744,0.6649163640262905,0.10302178496134928,0.3538193688792164,0.05707818426526322,402000
2019-01-29,0.6193798449612403,0.6217054263565891,0.6196172248803827,0.06511784090572398,0.23205347309255248,0.3870010787486516,0.377290950744559,0.3630461350443019,0.5577576175339224,0.1066760365425158,0.350467899891186,0.05181695827725453,392000
2019-01-30,0.6085271317829457,0.6085271317829457,0.6140350877192983,0.059608502849317055,0.2876233317754582,0.38106796116504854,0.3741408934707904,0.3651848457073022,0.5184569760033259,0.0860154602951511,0.3862023939064201,0.00917655695583017,388000
2019-01-31,0.6085271317829457,0.6201550387596899,0.6251993620414673,0.05311252086371672,0.43365254715248774,0.37971952535059333,0.37786368843069873,0.36862205927283836,0.6083436658875566,0.07069571328179902,0.40626768226332954,0.017496635262450305,399000
2019-02-01,0.6162790697674418,0.6201550387596899,0.6156299840510366,0.08707914550117364,0.2265987009508505,0.371898597626753,0.3745704467353952,0.3697677971280171,0.508608423927042,0.06465214335910051,0.4083830250272036,0.0603205677229911,388500
2019-02-07,0.6015503875968993,0.6015503875968993,0.60207336523126,0.07884657802124724,0.2287794610313693,0.3592233009708738,0.36927262313860254,0.368316529178124,0.42635590380590016,0.06788475052705553,0.40796517954298156,0.09341734981035102,378500
2019-02-08,0.5875968992248062,0.5922480620155038,0.6028708133971292,0.036571338273685874,0.32627226463104325,0.35194174757281554,0.3619702176403207,0.36717079132294533,0.42635590380590016,0.05874912157413916,0.40955821545157783,0.09152086137281312,378500
2019-02-11,0.5922480620155038,0.5976744186046512,0.6036682615629984,0.03397057516369993,0.32627226463104325,0.34681769147788566,0.35609965635738833,0.3658722884204094,0.42635590380590016,0.06226282501756853,0.4112295973884658,0.10063624128227115,378500
2019-02-12,0.5883720930232558,0.5906976744186047,0.6004784688995215,0.025211270851371325,0.3112619789513311,0.33495145631067963,0.3490836197021764,0.3641918728994806,0.41272800669717075,0.05467322557976107,0.44163656147986935,0.07188302948733634,377000
2019-02-13,0.5883720930232558,0.5922480620155038,0.60207336523126,0.026708191086954373,0.3513889451340094,0.3300970873786408,0.34235395189003437,0.361747632141766,0.440439845031983,0.05776528460997893,0.4488618063112079,0.09818915942738254,379500
2019-02-14,0.586046511627907,0.5922480620155038,0.5980861244019139,0.03590732065433883,0.35122348610566373,0.3319848975188781,0.3366265750286369,0.3585395661472655,0.4683828828050559,0.06577652846099788,0.4425070729053318,0.1031445001835319,382000
2019-02-15,0.5899224806201551,0.5906976744186047,0.6028708133971292,0.02284490563180437,0.30644192211875376,0.33279395900755127,0.3331901489117984,0.3548732050106935,0.44655881999635705,0.04736472241742798,0.46850924918389536,0.10338920836902048,380000
2019-02-18,0.5899224806201551,0.5899224806201551,0.6028708133971292,0.021430288026284168,0.31630490826302393,0.33306364617044226,0.3306128293241695,0.35181790406355024,0.4353001508699095,0.047048489107519346,0.47122524483133854,0.1031445001835319,379000
2019-02-19,0.5899224806201551,0.5992248062015504,0.6036682615629984,0.03583719881352528,0.38123736966840566,0.337108953613808,0.32646048109965636,0.35158875649251453,0.5033891176552162,0.04694307800421647,0.47213057671381947,0.08185488804600578,384500
2019-02-20,0.6,0.6015503875968993,0.613237639553429,0.03971101900532333,0.36074972619012147,0.3416936353829558,0.3263172966781214,0.3497555759242285,0.5440890251394385,0.0348559381588194,0.47643090315560366,0.08369019943717154,388000
2019-02-21,0.6015503875968993,0.6015503875968993,0.6068580542264753,0.03407723937226138,0.25793935757194175,0.34115426105717367,0.3270332187857961,0.3473113351665139,0.45705888750929907,0.04104005621925511,0.4678824809575626,0.09843386761287252,381000
2019-02-22,0.5868217054263566,0.5899224806201551,0.5996810207336523,0.03299677044479633,0.28153688565646856,0.33926645091693636,0.32646048109965636,0.3431102963641919,0.40640138418286026,0.02768798313422348,0.4833688792165397,0.0822831273706108,376500
2019-02-25,0.5829457364341085,0.5829457364341085,0.5869218500797448,0.04943886066823151,0.2608821710613019,0.3344120819848975,0.32402634593356244,0.3386801099908341,0.33951196556913477,0.04652143359100492,0.4863634385201306,0.03988743423467503,370000
2019-02-26,0.5744186046511628,0.57984496124031,0.5877192982456141,0.036226654858982674,0.3160355202530776,0.32605177993527507,0.32173539518900346,0.33371524595172625,0.3296004396905693,0.05101897399859453,0.48443960826985855,0.037134467147925704,369000
2019-02-27,0.5705426356589147,0.5790697674418605,0.5869218500797448,0.019667365690338,0.3570657233289887,0.3174217907227616,0.31958762886597936,0.32897952948365417,0.3738805520618813,0.044413211524947295,0.48311643090315565,0.05310167625107098,372000
2019-02-28,0.5806201550387597,0.5837209302325581,0.5933014354066986,0.06097242203471854,0.3669990971025198,0.31472491909385114,0.3178694158075601,0.32500763825236784,0.4307430718056533,0.045537596626844694,0.47624809575625654,0.10008564786492184,376000
2019-03-04,0.5844961240310077,0.5883720930232558,0.6004784688995215,0.025058517169974683,0.3313089606680742,0.31472491909385114,0.31686712485681556,0.3226397800183318,0.43786111509312003,0.04342937456078709,0.4834907508161043,0.10351156246176477,376500
2019-03-05,0.5844961240310077,0.5961240310077519,0.6012759170653907,0.05429339899985844,0.3816023438054397,0.32119741100323623,0.3177262313860252,0.32172318973418884,0.5139823889941741,0.04497540407589601,0.4807399347116431,0.09953505444757114,382000
2019-03-06,0.5930232558139535,0.5930232558139535,0.5996810207336523,0.024144299555236587,0.28661157960646383,0.32605177993527507,0.315864833906071,0.3185151237396884,0.4592104929564216,0.0590302178496135,0.4648966267682261,0.11525755536522783,378000
2019-03-07,0.5883720930232558,0.5906976744186047,0.5964912280701754,0.02201496591025063,0.2962119835211439,0.3276699029126214,0.31214203894616266,0.31645279560036665,0.41995575924605444,0.07097680955727337,0.44529270946681154,0.15496145846078505,375000
2019-03-08,0.5813953488372093,0.5868217054263566,0.594896331738437,0.016640604167146765,0.3111218829516539,0.3263214670981661,0.3099942726231386,0.3156889703635808,0.40041235590790025,0.06338721011946594,0.4401915125136018,0.14902728496268275,373500
2019-03-11,0.5744186046511628,0.5767441860465117,0.5829346092503987,0.026855018978986494,0.26542735828811437,0.3214670981661273,0.30741695303550975,0.314008554842652,0.3268138811453958,0.03921293042867183,0.47521218715995656,0.13599657408540325,367500
2019-03-12,0.5705426356589147,0.5767441860465117,0.5845295055821371,0.024890949015166728,0.3520382198680999,0.3149946062567422,0.30741695303550975,0.3127100519401161,0.3688540235454763,0.03134223471539002,0.4823677910772578,0.1156246176434607,370000
2019-03-13,0.5713178294573643,0.5767441860465117,0.5845295055821371,0.02466017244047051,0.2955620314971459,0.30906148867313915,0.30684421534937,0.31118240146654447,0.3319214296813382,0.026282501756851734,0.4992557127312296,0.1282270891961338,367000
2019-03-14,0.5697674418604651,0.5697674418604651,0.5669856459330144,0.0666075185098615,0.2127476062704966,0.2988133764832794,0.302262313860252,0.30759242285365107,0.21799547221924429,0.027547434996486306,0.4971316648531011,0.16444390064847733,356000
2019-03-15,0.5364341085271318,0.5372093023255814,0.5358851674641149,0.11261271345187107,0.1666825699745545,0.28128371089536136,0.29223940435280643,0.3013290559120073,0.1080831571093629,0.01883345045678147,0.5093188248095756,0.16003915330967866,341000
2019-03-18,0.524031007751938,0.5348837209302325,0.5358851674641149,0.04757487070256817,0.3096112877108937,0.26618122977346276,0.2816437571592211,0.29514207149404215,0.09886460218476127,0.0219255094869993,0.518424374319913,0.14058485256331832,339500
2019-03-19,0.5271317829457365,0.5449612403100775,0.5422647527910686,0.04250009053289307,0.4434143910180736,0.25539374325782094,0.2724799541809851,0.2907118851206844,0.26456200593938983,0.028390723822909362,0.5181022850924919,0.13104123332925527,350000
2019-03-20,0.541860465116279,0.548062015503876,0.5518341307814992,0.01880746781144138,0.3425048164303887,0.24703344120819848,0.26489117983963345,0.2856706385578979,0.28603699112061454,0.03330990864371048,0.5108422198041349,0.10100330356050402,351500
2019-03-21,0.5387596899224806,0.5449612403100775,0.55103668261563,0.021593247233808604,0.29394570343746707,0.2429881337648328,0.25730240549828176,0.27963641918728993,0.25977367036797155,0.02937456078706959,0.5375233949945594,0.11544108650434427,348500
2019-03-22,0.5279069767441861,0.5286821705426357,0.5231259968102073,0.09932544764400492,0.2175894692265288,0.24163969795037757,0.2472794959908362,0.27314390467461047,0.18170898748254918,0.06943078004216445,0.49036779107725786,0.16254741221093802,338500
2019-03-25,0.5209302325581395,0.5286821705426357,0.5350877192982456,0.02259503484693357,0.2982988863456126,0.23975188781014023,0.23825887743413515,0.2669569202566453,0.16415431421926238,0.0673225579761068,0.48832208922742115,0.14266487213997267,336000
2019-03-26,0.5224806201550387,0.5263565891472868,0.5358851674641149,0.02332061483356762,0.32627226463104325,0.23220064724919093,0.22852233676975944,0.2617629086465017,0.16415431421926233,0.04413211524947295,0.5058193688792165,0.16107916309800516,336000
2019-03-27,0.5209302325581395,0.5255813953488372,0.5151515151515151,0.053636294801436675,0.19663730234460197,0.21763754045307443,0.2163516609392898,0.25496486403910784,0.0879775090682033,0.05073787772312018,0.49442437431991276,0.18169582772543766,324500
2019-03-28,0.4968992248062015,0.4992248062015504,0.49920255183413076,0.06054839888463476,0.27374782891667354,0.2022653721682848,0.20604238258877433,0.2470210815765353,0.06260130998174579,0.04061841180604357,0.5031904243743199,0.1615685794689837,320000
2019-03-29,0.49612403100775193,0.5031007751937985,0.5055821371610846,0.04709060202727838,0.3203541467875317,0.19201725997842503,0.19988545246277206,0.23838985640085547,0.05977444320945886,0.030498945888966993,0.5196953210010882,0.17043925119295314,319500
2019-04-01,0.4937984496124031,0.5093023255813953,0.5055821371610846,0.032372258087879455,0.4211103346115707,0.18743257820927725,0.19644902634593356,0.23090436908035442,0.1981414830016828,0.02614195361911456,0.5482393906420021,0.14792609812798274,327500
2019-04-02,0.5108527131782946,0.5434108527131783,0.5247208931419458,0.07870929723430242,0.5749235670027002,0.19444444444444445,0.19616265750286369,0.225863122517568,0.46601109476470165,0.025579761068165847,0.5482829162132751,0.17056160528569744,349000
2019-04-03,0.5410852713178295,0.5503875968992248,0.5454545454545454,0.04422120313276731,0.3479776825098244,0.2087378640776699,0.19601947308132875,0.22173846623892454,0.48575567930450275,0.03092059030217851,0.553645266594124,0.15373791753334212,351000
2019-04-04,0.5441860465116279,0.5457364341085271,0.5502392344497608,0.02440404665571493,0.2669224788499597,0.22249190938511326,0.19516036655211913,0.21723189734188816,0.4321231565698615,0.028671820098383708,0.5588596300326439,0.16389330723112663,345500
2019-04-05,0.5348837209302325,0.5434108527131783,0.5446570972886763,0.021939247490592808,0.30982829030464376,0.23570658036677455,0.19673539518900343,0.2127253284448518,0.4177004168126607,0.017990161630358412,0.5704809575625678,0.17221338553774676,344000
2019-04-08,0.5341085271317829,0.5372093023255814,0.5430622009569378,0.01982867884526118,0.3427879423338655,0.24541531823085222,0.19945589919816725,0.2093644974029942,0.4352691606881919,0.023049894588896704,0.5731186071817191,0.19925364003425872,345500
2019-04-09,0.537984496124031,0.5534883720930233,0.5534290271132376,0.04125040739801881,0.44686140969130583,0.2494606256742179,0.20532646048109965,0.20730216926367248,0.5524949585847282,0.03851018973998595,0.5578237214363436,0.19295240425792215,356500
2019-04-10,0.5542635658914729,0.5658914728682171,0.5685805422647527,0.04906685278034745,0.40064300218765253,0.25620280474649404,0.21649484536082475,0.2067674915979224,0.6157975003417271,0.024736472241742816,0.566537540805223,0.17392634283616823,363500
2019-04-11,0.5643410852713179,0.5658914728682171,0.5741626794258373,0.031237798635093184,0.3419019568725044,0.26672060409924486,0.22938144329896906,0.20814237702413688,0.6288858189615212,0.020801124385101902,0.566633297062024,0.19833598433867652,365000
2019-04-12,0.5643410852713179,0.5705426356589147,0.5789473684210527,0.022252985116392378,0.3314607515075466,0.2783171521035599,0.24255441008018327,0.21188512068438742,0.6334604919010356,0.006605762473647233,0.5832513601741021,0.15404380276520285,365500
2019-04-15,0.5651162790697675,0.5728682170542636,0.5781499202551834,0.02791902738043897,0.34699782096399695,0.2901833872707659,0.2540091638029782,0.21616254201038804,0.6524605260818394,0.010962754743499665,0.5816583242655058,0.15636853052734578,367500
2019-04-16,0.5697674418604651,0.5720930232558139,0.5821371610845295,0.036902524057058766,0.3159658825362207,0.29557713052858686,0.25902061855670105,0.21868316529178125,0.6374555269304483,0.008995080815179206,0.5829466811751903,0.17221338553774676,366500
2019-04-17,0.5689922480620155,0.5751937984496124,0.5845295055821371,0.023639290617170964,0.3521085226109021,0.29854368932038833,0.26417525773195877,0.2213565536205316,0.6633349206077603,0.014898102600140553,0.5771926006528834,0.13911660345038543,369000
2019-04-18,0.5689922480620155,0.5697674418604651,0.5725677830940988,0.03977620268833311,0.23389188853720588,0.29584681769147786,0.2683276059564719,0.22311335166513901,0.5316309537730659,0.007730147575544633,0.5811795429815018,0.16866511684815813,360000
2019-04-19,0.5612403100775194,0.5790697674418605,0.5725677830940988,0.03703453747567957,0.4367437977099233,0.29854368932038833,0.2759163802978236,0.2280018331805683,0.6403322697071755,0.007730147575544633,0.5818193688792167,0.16542273339043165,370500
2019-04-22,0.5767441860465117,0.5883720930232558,0.5925039872408293,0.03004605655178317,0.38249837747628035,0.30312837108953616,0.28465063001145474,0.23411243507485488,0.6888805562952232,0.012368236120871408,0.583738846572361,0.19240181084057284,376000
2019-04-23,0.5829457364341085,0.5852713178294574,0.5877192982456141,0.027920344222519974,0.27086860822370196,0.30528586839266453,0.28865979381443296,0.23938282920867707,0.6133357423363103,0.010400562192550951,0.6061196953210009,0.20537134467147883,370500
2019-04-24,0.5751937984496124,0.5829457364341085,0.5757575757575758,0.027488090809429905,0.23937736296113155,0.30151024811218985,0.28823024054982815,0.24511151848457072,0.509896549828506,0.022487702037948015,0.6005223068552774,0.2845344426771074,362000
2019-04-25,0.5426356589147286,0.5534883720930233,0.5358851674641149,0.10620956883298163,0.08039245146415876,0.28991370010787487,0.2806414662084765,0.24793767186067828,0.30394514231889724,0.024033731553056933,0.599582154515778,0.3087605530404993,338500
2019-04-26,0.5162790697674419,0.541860465116279,0.5239234449760766,0.06723038481417712,0.404597723830249,0.27642934196332253,0.27491408934707906,0.25190956309196455,0.3763618870327431,0.01672522839072384,0.6115168661588684,0.3019699008931856,345500
2019-04-29,0.5325581395348837,0.5387596899224806,0.539872408293461,0.034030162267865434,0.34819756373290894,0.26105717367853293,0.26918671248568155,0.25496486403910784,0.396544418910685,0.022066057624736474,0.6142589771490752,0.3079652514376614,347500
2019-04-30,0.5286821705426357,0.5356589147286822,0.5406698564593302,0.03577761170935979,0.2445256008933312,0.24460625674217906,0.2615979381443299,0.2535899786128934,0.33761132289929957,0.022206605762473648,0.6166964091403698,0.33469962070231263,340000
2019-05-02,0.5255813953488372,0.5317829457364341,0.5358851674641149,0.03096619995588579,0.29285230504415516,0.23112189859762675,0.2524341351660939,0.2514512679498931,0.3151075966839304,0.040477863668306406,0.5920522306855277,0.3518903707329008,337000
2019-05-03,0.5248062015503876,0.5286821705426357,0.5318979266347688,0.022717501160467085,0.29255479798551814,0.22869471413160733,0.2449885452462772,0.24969446990528568,0.2925325844112053,0.01869290231904427,0.6165310119695319,0.3351890370732898,334000
2019-05-07,0.5015503875968992,0.5116279069767442,0.5119617224880383,0.04726310833989011,0.20153109810912528,0.21655879180151025,0.2313860252004582,0.24648640391078522,0.21712934494372005,0.10934645115952214,0.5629162132752993,0.384253028263795,323000
2019-05-08,0.4751937984496124,0.4806201550387597,0.47368421052631576,0.1775373077822075,0.03311472439518187,0.18985976267529667,0.20904925544100803,0.2392300641613199,0.09272003975663971,0.11047083626141951,0.558885745375408,0.3888413067417101,298000
2019-05-09,0.45891472868217054,0.47674418604651164,0.4688995215311005,0.0784182751344002,0.3453373422477247,0.1680151024811219,0.18871706758304696,0.2305224564619615,0.11030635626824024,0.1062543921293043,0.5513122959738844,0.43160406215587876,299500
2019-05-10,0.4627906976744186,0.47131782945736433,0.4728867623604466,0.04666065308783007,0.30730267154332713,0.14697950377562027,0.17038946162657503,0.22051634586006721,0.103577943767649,0.06324666198172874,0.5606093579978237,0.40168848647987315,298000
2019-05-13,0.4542635658914729,0.4558139534883721,0.4481658692185008,0.059494925219830325,0.16104159195313966,0.12055016181229773,0.15506872852233677,0.20829514207149405,0.04962321124192579,0.12663387210119467,0.5000826985854188,0.48476691545332184,285000
2019-05-14,0.448062015503876,0.5031007751937985,0.4609250398724083,0.13445978199679348,0.6120031471809295,0.11165048543689321,0.14390034364261167,0.19928200427742132,0.27811505618865506,0.09163738580463808,0.5197040261153426,0.47889391900159034,306500
2019-05-15,0.47984496124031006,0.4937984496124031,0.4864433811802233,0.05173642088906593,0.36952376208443855,0.11812297734627832,0.1331615120274914,0.19049801405438435,0.3097494453775625,0.06886858749121577,0.5341109902067465,0.4725926832252538,310000
2019-05-16,0.4751937984496124,0.4782945736434108,0.4768740031897927,0.03268434966107777,0.19798274234589197,0.11812297734627832,0.12156357388316151,0.18026275588145432,0.2517506397313318,0.05270555165144061,0.5561871599564745,0.506484766915453,299500
2019-05-17,0.46744186046511627,0.4806201550387597,0.48086124401913877,0.021969205647935686,0.37685784619828616,0.12108953613807982,0.11197021764032074,0.17025664527956003,0.2893964063387825,0.062122276879831365,0.5415712731229598,0.5211672580447818,303500
2019-05-20,0.4728682170542636,0.4751937984496124,0.46810207336523124,0.03316598465220555,0.20147505145650196,0.1256742179072276,0.10037227949599084,0.16009776963030858,0.23498659588876378,0.06704146170063245,0.5247704026115342,0.5211672580447818,293500
2019-05-21,0.4542635658914729,0.4635658914728682,0.4665071770334928,0.022567710373752704,0.33272472701579126,0.11893203883495146,0.0920675830469645,0.1484112435074855,0.24001369301579895,0.047926914968376665,0.5457758433079435,0.5092377340022023,294000
2019-05-22,0.45813953488372094,0.475968992248062,0.47129186602870815,0.0340946875298347,0.45510204081632666,0.1156957928802589,0.09378579610538373,0.13741216009776963,0.33771353754807326,0.045115952213633174,0.538733405875952,0.49700232472776207,304000
2019-05-23,0.46511627906976744,0.47364341085271316,0.47208931419457734,0.03766332956935972,0.2639762873309226,0.11542610571736785,0.0936426116838488,0.12648945921173235,0.306209131886555,0.07561489810260016,0.5091099020674643,0.49100697418328626,299000
2019-05-24,0.45891472868217054,0.4627906976744186,0.46570972886762363,0.03310277623231728,0.27560209179027634,0.11084142394822007,0.09278350515463918,0.11625420103880232,0.28138914119784647,0.06057624736472242,0.5124352557127311,0.46635262449528936,295000
2019-05-27,0.462015503875969,0.4627906976744186,0.45534290271132377,0.03149754573557153,0.274915038599215,0.10949298813376483,0.09450171821305842,0.108997861289337,0.256768255352608,0.07796907940969781,0.4969815016322087,0.4588890248378807,291000
2019-05-28,0.4496124031007752,0.45968992248062013,0.4609250398724083,0.04337019393791748,0.3653196400933867,0.10949298813376483,0.09092210767468499,0.10113046135044301,0.28970273118442497,0.08376669009135629,0.49183025027203464,0.4857457481952776,294000
2019-05-29,0.45891472868217054,0.46124031007751937,0.46012759170653905,0.026979460555641516,0.2682988653476659,0.10167206040992449,0.08505154639175258,0.09227008860372747,0.2597253518514847,0.08938861560084327,0.4749684439608269,0.5168848647987274,289500
2019-05-30,0.44883720930232557,0.45193798449612405,0.4481658692185008,0.039478925588546106,0.24777287769120238,0.09331175836030205,0.0804696449026346,0.08363886342804766,0.22149182914292267,0.08095572733661281,0.48005223068552777,0.49057873485868125,283500
2019-05-31,0.44031007751937984,0.46511627906976744,0.44896331738437,0.04779906306685937,0.5467143261036388,0.09600862998921252,0.07946735395189003,0.07798655667583257,0.3953963773172752,0.10077301475755447,0.4480174102285091,0.48488926954606615,300000
2019-06-03,0.46511627906976744,0.4682170542635659,0.46730462519936206,0.01828402308424168,0.33258492366412223,0.1011326860841424,0.08147193585337915,0.07286892758936755,0.40011987727312404,0.10288123682361208,0.4413928182807397,0.4288510950691308,300500
2019-06-04,0.4728682170542636,0.48992248062015503,0.48564593301435405,0.048471640159732945,0.5027326169700201,0.1121898597626753,0.08734249713631156,0.07157042468683165,0.5222757048957242,0.076317638791286,0.4925963003264417,0.4204086626697664,314500
2019-06-05,0.4883720930232558,0.4883720930232558,0.4920255183413078,0.028905012888591868,0.2961641929311439,0.12432578209277238,0.08963344788087056,0.07370913534983196,0.5005184371157874,0.06394940267041462,0.5125136017410229,0.4361923406337938,312000
2019-06-07,0.4844961240310077,0.4844961240310077,0.4840510366826156,0.023074694574939835,0.24736402671755708,0.13619201725997843,0.09149484536082474,0.07462572563397495,0.44517099184245673,0.0669009135628953,0.5535930359085963,0.4437171173375747,305500
2019-06-10,0.4821705426356589,0.48294573643410854,0.48564593301435405,0.015160473668096537,0.32627226463104325,0.13915857605177995,0.09450171821305842,0.07577146348915369,0.4451709918424566,0.06184118060435699,0.5652491838955386,0.45564664138015415,305500
2019-06-11,0.4744186046511628,0.47984496124031006,0.48724082934609253,0.013230641598382917,0.3448692961523886,0.14266450916936355,0.0990836197021764,0.07913229453101131,0.4600830337098906,0.06254392129304288,0.5643699673558213,0.42622048207512575,307000
2019-06-12,0.475968992248062,0.47984496124031006,0.4864433811802233,0.014586001310257871,0.3386097089953668,0.13915857605177995,0.10309278350515463,0.07936144210204706,0.4704672852094683,0.06141953619114548,0.5592513601741024,0.4526489661079163,308000
2019-06-13,0.47674418604651164,0.4937984496124031,0.4904306220095694,0.034761009622823504,0.43080006030864815,0.14158576051779936,0.11082474226804123,0.08035441490986862,0.5546484808155098,0.060154602951510906,0.5695233949945591,0.4513642481340998,316500
2019-06-14,0.4906976744186046,0.4906976744186046,0.49760765550239233,0.022347139325184277,0.28438732317933485,0.14563106796116504,0.11927262313860253,0.08241674304919035,0.516370296951989,0.05256500351370344,0.5654668117519042,0.47314327664260447,313000
2019-06-17,0.48294573643410854,0.4868217054263566,0.49122807017543857,0.012176180302017732,0.27786848929753083,0.14751887810140238,0.12184994272623138,0.08325695080965476,0.47362017811424917,0.05354884047786367,0.5678084874863982,0.4711244341123209,309000
2019-06-18,0.47984496124031006,0.48992248062015503,0.49362041467304624,0.022660876950983847,0.3875602164085078,0.15129449838187703,0.12571592210767468,0.08638863428047663,0.5259283242609609,0.05073787772312018,0.5922524483133841,0.3996696439495896,314000
2019-06-19,0.48992248062015503,0.4930232558139535,0.49920255183413076,0.01694084416161603,0.33833467042673576,0.15507011866235168,0.12585910652920962,0.08959670027497708,0.5363258026479867,0.03921293042867183,0.5998346028291621,0.3850483298666343,315000
2019-06-20,0.48914728682170544,0.49224806201550386,0.5023923444976076,0.01531059366533117,0.3503204895189627,0.1553398058252427,0.12729095074455898,0.09158264589062022,0.5577826673194368,0.045115952213633174,0.6239651795429813,0.3051511073045399,317000
2019-06-21,0.49224806201550386,0.4930232558139535,0.5015948963317385,0.018912156756881324,0.32627226463104325,0.1574973031283711,0.13058419243986255,0.0943324167430492,0.5577826673194368,0.05425158116654956,0.6207268770402611,0.30380521228435137,317000
2019-06-24,0.4875968992248062,0.4992248062015504,0.5015948963317385,0.020256981732108232,0.38003939204212484,0.16423948220064724,0.13516609392898052,0.09838069049801405,0.6083958642594188,0.0522839072382291,0.6162785636561479,0.2760920102777444,321500
2019-06-25,0.49612403100775193,0.5007751937984496,0.49760765550239233,0.021710116968497846,0.22613366099588825,0.16370010787486516,0.13688430698739978,0.10174152153987168,0.49341714715356855,0.06661981728742096,0.591930359085963,0.2852685672335746,313000
2019-06-26,0.4844961240310077,0.4930232558139535,0.4984051036682616,0.013410719752960426,0.33232273654773214,0.162891046386192,0.13845933562428409,0.1047204399633364,0.4995883371448843,0.06563598032326073,0.5887965179542982,0.2760920102777444,313500
2019-06-27,0.48604651162790696,0.4945736434108527,0.49760765550239233,0.018599406762642507,0.34439473075471433,0.16181229773462782,0.13802978235967928,0.10861594867094408,0.5188859054932984,0.060154602951510906,0.59849401523395,0.29108038663893254,315000
2019-06-28,0.49147286821705427,0.4992248062015504,0.5031897926634769,0.01950341885125281,0.38639282685084186,0.1634304207119741,0.1400343642611684,0.1141918728994806,0.5809945639109599,0.04975404075895995,0.6131534276387379,0.28655328520739104,320000
2019-07-01,0.4968992248062015,0.5007751937984496,0.5087719298245614,0.012913611867380834,0.33810850031806633,0.16316073354908306,0.14347079037800686,0.11739993889398105,0.5930791547033092,0.03541813070976811,0.6328008705114253,0.3195277132020066,321000
2019-07-02,0.4968992248062015,0.5038759689922481,0.5079744816586922,0.015197016035844441,0.36167035266699915,0.16909385113268607,0.14633447880870562,0.12098991750687443,0.6294413451373029,0.01953619114546733,0.6403569096844397,0.3543986296341616,324000
2019-07-03,0.5023255813953489,0.5077519379844961,0.5047846889952153,0.021833900124112366,0.25613160870794466,0.1715210355987055,0.14719358533791524,0.1215245951726245,0.5330515442325814,0.014476458186929038,0.6602132752992383,0.3742811697051269,318000
2019-07-04,0.4937984496124031,0.49612403100775193,0.4944178628389155,0.020550966726692717,0.2726742162369771,0.17071197411003236,0.14619129438717068,0.12175374274366026,0.468395556442116,0.019465917076598754,0.6578585418933621,0.3597210326685424,313500
2019-07-05,0.4844961240310077,0.48914728682170544,0.49760765550239233,0.011252744792712596,0.3323130866722672,0.16747572815533981,0.14533218785796106,0.12305224564619616,0.4757451026030651,0.02445537596626845,0.6555038084874862,0.40058729964517314,314000
2019-07-08,0.4868217054263566,0.49612403100775193,0.49362041467304624,0.022584829320805775,0.35642827912027375,0.1650485436893204,0.14390034364261167,0.12473266116712496,0.5131549089527753,0.034012649332396366,0.642916213275299,0.43680411109751666,316500
2019-07-09,0.49224806201550386,0.49534883720930234,0.48086124401913877,0.03240254545574258,0.17069962495326965,0.1539913700107875,0.14117983963344788,0.12419798350137488,0.34198596448859664,0.03583977512297963,0.6461196953210011,0.45075247767037835,303500
2019-07-10,0.47131782945736433,0.47131782945736433,0.47208931419457734,0.03723733115615443,0.2763533793612267,0.14401294498381878,0.13717067583046966,0.12289948059883898,0.2997826190477127,0.020941672522839072,0.6578193688792165,0.41006974183286404,299500
2019-07-11,0.4635658914728682,0.4697674418604651,0.47527910685805425,0.02248804142785187,0.3515650554146647,0.13754045307443366,0.13330469644902634,0.12060800488848152,0.3325084139947467,0.01953619114546733,0.6637736670293796,0.4014437782943846,301500
2019-07-12,0.4666666666666667,0.46744186046511627,0.47368421052631576,0.016626777325296205,0.32627226463104325,0.1307982740021575,0.12800687285223367,0.11885120684387412,0.3325084139947467,0.011946591707659892,0.6758389553862894,0.41465802031077914,301500
2019-07-15,0.4666666666666667,0.4682170542635659,0.4728867623604466,0.0173981175742452,0.26345973693871594,0.12001078748651564,0.12099083619702176,0.11694164375190956,0.2752234561261499,0.016022487702037954,0.6763003264417846,0.4335617276397902,296500
2019-07-16,0.4573643410852713,0.4635658914728682,0.4688995215311005,0.019898800686074723,0.31349791245617853,0.1156957928802589,0.11282932416953036,0.11411549037580201,0.2641760754479637,0.0185523541813071,0.6673688792165396,0.4287899180227587,295500
2019-07-17,0.45348837209302323,0.4542635658914729,0.45374800637958534,0.05775570604134226,0.21732281939008788,0.10895361380798274,0.10395189003436427,0.10983806904980141,0.17932627919519015,0.03415319747013354,0.6502894450489662,0.43484644561360525,287000
2019-07-18,0.4441860465116279,0.44883720930232557,0.45374800637958534,0.026446797933874774,0.31307506804620944,0.1005933117583603,0.09607674684994273,0.1051023525817293,0.1703018216521149,0.02796907940969782,0.65959521218716,0.38688364125780006,286000
2019-07-19,0.44263565891472867,0.44728682170542633,0.45374800637958534,0.0451104007479663,0.3461372755742983,0.09304207119741101,0.08848797250859107,0.10059578368469294,0.20193364156025975,0.04089950808151792,0.6434907508161045,0.40725559769974257,287500
2019-07-22,0.462015503875969,0.4627906976744186,0.46012759170653905,0.0423990229031759,0.35920787697754153,0.0895361380798274,0.08089919816723941,0.09578368469294225,0.25443024511763374,0.02796907940969782,0.6508204570184984,0.4119050532240298,290000
2019-07-23,0.4496124031007752,0.45271317829457364,0.46012759170653905,0.0209506282982779,0.31321159076950067,0.0860302049622438,0.07674684994272624,0.0921173235563703,0.24268740441369194,0.015038650737877727,0.6686137105549508,0.43038052122843584,289000
2019-07-24,0.44728682170542633,0.44728682170542633,0.4481658692185008,0.06960958924403388,0.22142533259374703,0.08279395900755124,0.07144902634593356,0.08715245951726246,0.15841164290537169,0.00744905130007029,0.680879216539717,0.42132631836534995,281000
2019-07-25,0.43410852713178294,0.43488372093023253,0.430622009569378,0.05950282627231636,0.18474289840898986,0.0744336569579288,0.06257159221076747,0.08035441490986862,0.07479596504147654,0.01686577652846101,0.6670467899891186,0.4565031200293656,270500
2019-07-26,0.413953488372093,0.4294573643410853,0.42424242424242425,0.052818865079652486,0.3962832705431935,0.06796116504854369,0.05512600229095074,0.07355637030247479,0.1743682650083638,0.008713984539704862,0.6863634385201306,0.45699253640034276,275500
2019-07-29,0.4232558139534884,0.4310077519379845,0.43221690590111644,0.027365953706416642,0.29190207025856274,0.05879180151024811,0.04839633447880871,0.0662236480293309,0.1533980055990627,0.018130709768095585,0.6821066376496189,0.4537501529426163,273000
2019-07-30,0.42248062015503873,0.4372093023255814,0.43460925039872406,0.027252376076929916,0.37483118027011136,0.052049622437971954,0.0429553264604811,0.058967308279865564,0.22144214403841633,0.033731553056922,0.6753253536452664,0.43949590113789383,276500
2019-07-31,0.4317829457364341,0.43410852713178294,0.430622009569378,0.034988823302837466,0.37421651045189575,0.05151024811218986,0.04095074455899198,0.05316223648029331,0.28613751112649904,0.06437104708362616,0.646772578890098,0.48195277132020037,280000
2019-08-01,0.43333333333333335,0.43643410852713177,0.44178628389154706,0.017555480202925366,0.29921801163213385,0.05555555555555555,0.03865979381443299,0.04773907729911396,0.26427831140423724,0.08896697118763178,0.6234254624591946,0.5312614706961956,278000
2019-08-02,0.4248062015503876,0.43410852713178294,0.4314194577352472,0.030568513647422118,0.3330844866091859,0.05717367853290183,0.03608247422680412,0.042315918117934614,0.2741001293316555,0.0853127196064652,0.6047007616974973,0.5816101798605158,278500
2019-08-05,0.4248062015503876,0.42790697674418604,0.41148325358851673,0.08100784508669759,0.054272593546854306,0.049352750809061485,0.027061855670103094,0.033455545371219066,0.10003413885027924,0.18341531974701336,0.5286964091403697,0.665545087483176,258500
2019-08-06,0.3883720930232558,0.40930232558139534,0.38516746411483255,0.07575199913088422,0.24568512803854678,0.036677454153182305,0.01675257731958763,0.025740910479682248,0.06648095850902071,0.12129304286718204,0.5609314472252447,0.6355683347607982,253000
2019-08-07,0.3945736434108527,0.40310077519379844,0.39712918660287083,0.04806671121982374,0.27387469953434096,0.020226537216828478,0.007731958762886598,0.018102658111824016,0.04641751522124246,0.11173576950105409,0.5628552774755168,0.6330600758595375,249500
2019-08-08,0.3922480620155039,0.3922480620155039,0.3915470494417863,0.05585912423417403,0.32627226463104325,0.0048543689320388345,0.001718213058419244,0.01015887564925145,0.04641751522124246,0.07547434996486298,0.6099586507072906,0.6028386149516698,249500
2019-08-09,0.38992248062015505,0.4255813953488372,0.4011164274322169,0.08274245531790214,0.6298871279454586,0.0,0.0,0.005270394133822181,0.36353001318891265,0.09037245256500351,0.5930359085963003,0.6418083934907626,269500
2019-08-12,0.42093023255813955,0.4542635658914729,0.43301435406698563,0.07909085222727377,0.600328333970646,0.01645091693635383,0.004581901489117984,0.004124656278643446,0.5589115056503222,0.1342234715390021,0.5626550598476604,0.6705004282393253,289000
2019-08-13,0.4418604651162791,0.46511627906976744,0.4529505582137161,0.09333447459647021,0.2804017318647262,0.03398058252427184,0.00715922107674685,0.0025970058050717995,0.5243451320275266,0.08404778636683063,0.5997127312295975,0.5940291202740738,285500
2019-08-14,0.4511627906976744,0.45813953488372094,0.45773524720893144,0.03911086822690506,0.38597166704544916,0.055825242718446605,0.01002290950744559,0.0030553009471432934,0.563689151651798,0.1484188334504568,0.5250924918389552,0.6565520616664622,290000
2019-08-16,0.4434108527131783,0.45193798449612405,0.45454545454545453,0.03258723255760361,0.2936205799771871,0.07632146709816613,0.012743413516609393,0.0032844485181790406,0.5372024416571953,0.09739985945186225,0.5669466811751902,0.6052245197601862,287500
2019-08-19,0.4496124031007752,0.45193798449612405,0.44976076555023925,0.02146650118351182,0.27357528487664573,0.08387270765911542,0.014175257731958763,0.002673388328750382,0.49510355652342686,0.07505270555165143,0.5973884657236126,0.6306129940046489,283500
2019-08-20,0.44108527131782943,0.4441860465116279,0.4433811802232855,0.02462033796752009,0.32627226463104325,0.08090614886731391,0.021334478808705613,0.0016804155209288116,0.49510355652342697,0.08376669009135629,0.5772448313384114,0.592560871161141,283500
2019-08-21,0.43953488372093025,0.44651162790697674,0.44976076555023925,0.017517620993096457,0.32627226463104325,0.07982740021574973,0.03006872852233677,0.0008402077604644058,0.49510355652342686,0.05987350667603656,0.5980674646354731,0.5683347607977491,283500
2019-08-22,0.4418604651162791,0.44263565891472867,0.44657097288676234,0.019192644120135504,0.2995520147555771,0.07524271844660194,0.03923253150057274,0.0009165902841429881,0.47084700487108483,0.07224174279690794,0.5967791077257887,0.6171540438027657,281500
2019-08-23,0.4310077519379845,0.4434108527131783,0.4433811802232855,0.03319297991486616,0.35318235642391976,0.07308522114347357,0.04896907216494845,0.0029025358997861288,0.496163111993097,0.11707659873506678,0.5307595212187161,0.636975406827359,283500
2019-08-26,0.4317829457364341,0.4356589147286822,0.430622009569378,0.03030481602070076,0.16595076537824627,0.06661272923408845,0.0495418098510882,0.00229147571035747,0.35974916695191184,0.10934645115952214,0.5579804134929272,0.631347118561116,271500
2019-08-27,0.4255813953488372,0.4310077519379845,0.43301435406698563,0.036020898283825556,0.389050089269397,0.06256742179072276,0.045819014891179836,0.002749770852428964,0.41832014795083583,0.12326071679550245,0.5499542981501631,0.631347118561116,276000
2019-08-28,0.42713178294573645,0.44651162790697674,0.43779904306220097,0.07061664422548287,0.47036556864697443,0.06418554476806904,0.046105383734249716,0.004277421326000611,0.5373061038188293,0.10976809557273369,0.5663025027203482,0.6347118561115868,286500
2019-08-29,0.4496124031007752,0.47131782945736433,0.41706539074960125,0.26208284911952645,0.141189067849673,0.0593311758360302,0.04109392898052692,0.003131683470821876,0.39626319621746187,0.08910751932536894,0.5981980413492926,0.6092010277743785,272500
2019-08-30,0.4255813953488372,0.4356589147286822,0.4258373205741627,0.10384649571861719,0.277624250064197,0.05151024811218986,0.03579610538373425,0.001756798044607394,0.3658779787208141,0.1045678144764582,0.5998346028291621,0.6176434601737429,269000
2019-09-02,0.41472868217054265,0.41472868217054265,0.41626794258373206,0.043616772617585765,0.2981117038886838,0.04908306364617044,0.03107101947308133,0.0,0.3484271408815131,0.11173576950105414,0.5866528835690968,0.642787226232717,267000
2019-09-03,0.413953488372093,0.4232558139534884,0.42424242424242425,0.030716987592055493,0.39720101781170497,0.04692556634304207,0.027777777777777776,0.002062328139321723,0.4085290191794918,0.11412508784258608,0.582258977149075,0.6240058729964516,272000
2019-09-04,0.4186046511627907,0.4310077519379845,0.42902711323763953,0.03895515165082616,0.4098221635982634,0.04234088457389428,0.02620274914089347,0.0058814543232508405,0.4756661359569675,0.08137737174982429,0.6096887921653973,0.5817325339532615,278000
2019-09-05,0.43410852713178294,0.437984496124031,0.4433811802232855,0.02771656291048437,0.34670893056547114,0.04611650485436893,0.025630011454753722,0.010464405743965781,0.49202292964711186,0.06647926914968377,0.6429597388465723,0.5412945063012358,279500
2019-09-06,0.43410852713178294,0.43643410852713177,0.44019138755980863,0.02099046277122832,0.29916961404179565,0.05070118662351672,0.023911798396334477,0.014741827069966391,0.46915221233234755,0.04862965565706255,0.6453188248095756,0.5091765569558302,277500
2019-09-09,0.43023255813953487,0.437984496124031,0.44258373205741625,0.01718873968336532,0.36039474589092874,0.05771305285868392,0.026345933562428408,0.01634586006721662,0.4989951983647505,0.05242445537596627,0.6450750816104459,0.5101553896977858,280000
2019-09-10,0.4496124031007752,0.4496124031007752,0.4473684210526316,0.037239964840316435,0.3736172073791347,0.063915857605178,0.028493699885452462,0.015505652306752216,0.5400853348135523,0.05144061841180604,0.64591077257889,0.5014682491129329,283500
2019-09-11,0.44263565891472867,0.4542635658914729,0.45215311004784686,0.04959589408639142,0.4531934515395077,0.07200647249190939,0.030355097365406643,0.01665139016193095,0.6388668459626995,0.04314827828531272,0.6646615886833512,0.4963905542640406,293000
2019-09-16,0.4565891472868217,0.45968992248062013,0.46012759170653905,0.02678127582245018,0.33273573804375167,0.07955771305285868,0.036368843069874,0.017186067827681027,0.6436888468908295,0.043991567111735776,0.6620761697497279,0.4617643460173743,293500
2019-09-17,0.4635658914728682,0.4906976744186046,0.47607655502392343,0.1128711437102684,0.6037281471752255,0.09978425026968717,0.0495418098510882,0.021387106630003056,0.8085103176311796,0.040758959943780745,0.6688139281828072,0.47767037807414603,315000
2019-09-18,0.49224806201550386,0.5,0.49920255183413076,0.04817140016526368,0.338296377075003,0.1192017259978425,0.06357388316151202,0.026351970669110908,0.8145720593565651,0.03387210119465917,0.6697105549510337,0.5028141441331214,316000
2019-09-19,0.48992248062015503,0.5193798449612403,0.5039872408293461,0.09009570149823708,0.4820910635488131,0.14374325782092773,0.07989690721649484,0.0333027803238619,0.8857315403945276,0.03527758257203094,0.6697627856365613,0.5249602349198577,329000
2019-09-20,0.5131782945736434,0.5302325581395348,0.5279106858054227,0.07754751330833529,0.4356405214351451,0.16828478964401294,0.09722222222222222,0.04170485792850596,0.9282486487563081,0.05312719606465215,0.6569488574537542,0.5174966352624503,338500
2019-09-23,0.524031007751938,0.524031007751938,0.5007974481658692,0.09369792301082773,0.08570121137633846,0.18096008629989213,0.1079610538373425,0.047128017109685304,0.6717743914803396,0.04736472241742798,0.6566964091403701,0.5230637464823197,317000
2019-09-24,0.4868217054263566,0.5116279069767442,0.4960127591706539,0.07008266476163512,0.34419464043473713,0.18284789644012944,0.11970217640320734,0.05247479376718607,0.6811184222598214,0.07744202389318343,0.6347769314472251,0.5260614217545576,318500
2019-09-25,0.4937984496124031,0.5023255813953489,0.5055821371610846,0.02782388554008632,0.3203262749609532,0.18392664509169362,0.13058419243986255,0.05957836846929423,0.6756838226009039,0.062122276879831365,0.6506811751904242,0.5523063746482317,318000
2019-09-26,0.4930232558139535,0.5031007751937985,0.5047846889952153,0.024022820873263826,0.32031692592059124,0.17772384034519956,0.14032073310423826,0.06591811793461656,0.6698967409057784,0.06366830639494028,0.6443699673558214,0.5562217056160532,317500
2019-09-27,0.49612403100775193,0.49612403100775193,0.4960127591706539,0.025023620854828038,0.2546956582717234,0.16316073354908306,0.14561855670103094,0.06973724411854568,0.6007358900029588,0.07983134223471539,0.6305897714907507,0.5716994983482199,311500
2019-09-30,0.47984496124031006,0.48527131782945737,0.4800637958532695,0.028510618685330707,0.27763540530716097,0.15803667745415317,0.14962772050400916,0.07508402077604644,0.5567538578982753,0.06605762473647223,0.6436039173014143,0.5478404502630609,307500
2019-10-01,0.47751937984496123,0.5007751937984496,0.4864433811802233,0.034580931468246,0.5171917085583065,0.1604638619201726,0.15191867124856814,0.08333333333333333,0.6780092449706647,0.09866479269149682,0.6118389553862894,0.5740242261103629,323000
2019-10-02,0.49224806201550386,0.5015503875968992,0.5,0.027035755554604503,0.26764075658387115,0.1604638619201726,0.15249140893470792,0.09112435074854873,0.623525078329933,0.12677442023893182,0.5660152339499456,0.5862596353848031,318000
2019-10-04,0.4968992248062015,0.5038759689922481,0.5087719298245614,0.025850268471179265,0.3560489581833019,0.16208198489751888,0.15005727376861397,0.09853345554537121,0.642451730562702,0.07730147575544623,0.6220761697497281,0.5059953505444759,320500
2019-10-07,0.5023255813953489,0.5085271317829457,0.5135566188197768,0.02322744825633648,0.3912700019451162,0.16990291262135923,0.14647766323024056,0.10586617781851512,0.6832545424061623,0.08882642304989459,0.6105680087051142,0.5370732901015536,326000
2019-10-08,0.5054263565891473,0.5116279069767442,0.5127591706539075,0.035116886195215254,0.3611274372063252,0.1814994606256742,0.14991408934707903,0.11342804766269478,0.7048993228564967,0.12283907238229096,0.5707595212187159,0.553529915575676,329000
2019-10-10,0.5054263565891473,0.5100775193798449,0.5127591706539075,0.021702215916011812,0.2917349203771161,0.1831175836030205,0.15206185567010308,0.12083715245951726,0.6667589887485603,0.08475052705551653,0.609993471164309,0.49504465924385205,326000
2019-10-11,0.5100775193798449,0.5100775193798449,0.5167464114832536,0.018874297547052412,0.3146538737726159,0.18689320388349515,0.15406643757159222,0.12771157959058968,0.6537504754119383,0.0567814476458187,0.6379717083786723,0.4523430808760555,325000
2019-10-14,0.5077519379844961,0.5116279069767442,0.5175438596491229,0.027262252392537455,0.37871589352123697,0.19174757281553398,0.1575028636884307,0.13473877176901924,0.691737037385943,0.04258608573436403,0.6343852013057671,0.45980668053346424,329500
2019-10-15,0.5100775193798449,0.5108527131782946,0.5191387559808612,0.010813907169217499,0.2860398398375208,0.19174757281553398,0.16165521191294388,0.13978001833180567,0.6432825238544003,0.028109627547434995,0.6600914036996733,0.46090786736816425,326000
2019-10-16,0.5077519379844961,0.5255813953488372,0.5215311004784688,0.056045786599156565,0.47731134579059925,0.19714131607335492,0.1706758304696449,0.14673082798655668,0.746671628130302,0.030077301475755453,0.6548770402611533,0.4708797259268323,339000
2019-10-17,0.5317829457364341,0.5457364341085271,0.5454545454545454,0.07283124339521393,0.3933093517079872,0.20738942826321466,0.17697594501718214,0.15131377940727161,0.7866124974978737,0.03162333099086437,0.6620674646354731,0.42536400342591435,345000
2019-10-18,0.5348837209302325,0.541860465116279,0.5454545454545454,0.02095556645608167,0.3152937271822106,0.21763754045307443,0.18442153493699887,0.15559120073327223,0.772106456597631,0.03808854532677443,0.6518389553862892,0.42438517068396003,344000
2019-10-21,0.5325581395348837,0.5333333333333333,0.539872408293461,0.016858870742073432,0.27672523152257517,0.22303128371089537,0.18986254295532645,0.15719523373052247,0.7068708765116819,0.03457484188334505,0.6697018498367788,0.38510950691300644,339500
2019-10-22,0.5286821705426357,0.541860465116279,0.543859649122807,0.029743841294192396,0.37647603308262767,0.23274002157497303,0.1950171821305842,0.15803544149098686,0.741897167354319,0.04104005621925511,0.6603612622415667,0.38878012969533793,344000
2019-10-23,0.5844961240310077,0.5899224806201551,0.5821371610845295,0.18612838551868763,0.6400701409846737,0.25080906148867316,0.20747422680412372,0.1665139016193095,0.9008644045156845,0.034715390021082225,0.6677867247007616,0.3739752844732662,372500
2019-10-24,0.586046511627907,0.5891472868217055,0.5869218500797448,0.07270285129231589,0.3821964923066412,0.2686084142394822,0.22236540664375715,0.1756034219370608,0.9229240551470727,0.030498945888966993,0.67280957562568,0.4017496635262453,378000
2019-10-25,0.5875968992248062,0.6007751937984496,0.5996810207336523,0.05555065397669848,0.38138277999919257,0.28991370010787487,0.2391179839633448,0.1856095325389551,0.9440231396202927,0.015600843288826438,0.6834820457018499,0.3810106448060685,383500
2019-10-28,0.6007751937984496,0.6170542635658914,0.6164274322169059,0.06693771666167364,0.46947991414287155,0.3214670981661273,0.2587342497136312,0.19790711885120685,0.9924735041128813,0.022066057624736474,0.6981675734494015,0.3613728129205917,398000
2019-10-29,0.6162790697674418,0.6232558139534884,0.6220095693779905,0.07102552369163509,0.3500636931476726,0.35194174757281554,0.2800687285223368,0.2115032080659945,1.0,0.023330990864371046,0.6959651795429813,0.35488804600513874,400500
2019-10-30,0.6217054263565891,0.6232558139534884,0.6196172248803827,0.045781002577718374,0.2931721798134011,0.3651564185544768,0.29667812142038946,0.22517567980446074,0.950956546495969,0.011103302881236836,0.7045658324265505,0.3417961580814885,397000
2019-10-31,0.6201550387596899,0.6248062015503876,0.6331738437001595,0.03653347906385696,0.34058307855993747,0.3762135922330097,0.3119988545246277,0.23670944087992668,0.9566140588602192,0.023612087139845417,0.6965484221980413,0.3713446714792612,398500
2019-11-01,0.6162790697674418,0.6178294573643411,0.6228070175438597,0.02723492791935659,0.30251068734216413,0.38295577130528585,0.3268900343642612,0.24862511457378553,0.9191173779375091,0.01068165846802532,0.7220979325353644,0.3380643582527834,396000
2019-11-04,0.6217054263565891,0.6224806201550388,0.6339712918660287,0.02874369973366869,0.37409543912406473,0.38457389428263217,0.3445017182130584,0.26092270088603725,0.9409775318053379,0.018130709768095585,0.7319869423286179,0.32674660467392674,401000
2019-11-05,0.624031007751938,0.624031007751938,0.6363636363636364,0.025220488745938366,0.312104201963285,0.38403451995685006,0.3603951890034364,0.2721509318667889,0.9171943642383302,0.0219255094869993,0.7288095756256799,0.2892450752477668,399500
2019-11-06,0.6193798449612403,0.624031007751938,0.6355661881977671,0.019141616489496537,0.32627226463104325,0.38538295577130527,0.36812714776632305,0.282920867705469,0.9171943642383302,0.015179198875614898,0.7306898803046791,0.31836534932093447,399500
2019-11-07,0.6217054263565891,0.627906976744186,0.638755980861244,0.03248254361216367,0.37367646262662946,0.38861920172599784,0.3757159221076747,0.29491292392300644,0.9422934013255351,0.01672522839072384,0.7380021762785635,0.2800073412455645,404500
2019-11-08,0.6271317829457365,0.627906976744186,0.6196172248803827,0.04104070029661868,0.19049937566247416,0.38538295577130527,0.37757731958762886,0.3048426520012221,0.7212655348775266,0.00744905130007029,0.7448792165397169,0.30111342224397414,390000
2019-11-11,0.6023255813953489,0.6232558139534884,0.6196172248803827,0.032791013869639216,0.4185342043452727,0.38457389428263217,0.37800687285223367,0.3155362053162237,0.783413102083972,0.016163035839775127,0.7395952121871601,0.34204086626697705,399500
2019-11-12,0.6201550387596899,0.6201550387596899,0.6299840510366826,0.015518654714130045,0.3120510052323673,0.383764832793959,0.377290950744559,0.3265352887259395,0.7631578845240539,0.016022487702037954,0.7437997823721437,0.3486479872751743,398000
2019-11-13,0.6155038759689923,0.6170542635658914,0.620414673046252,0.02560204373890972,0.24538140767450498,0.37837108953613807,0.37514318442153494,0.3342499236174763,0.6540347704904019,0.020520028109627556,0.7457149075081609,0.37911415636853063,389500
2019-11-14,0.6054263565891473,0.6170542635658914,0.6228070175438597,0.018018679404919063,0.38461776532188796,0.37351672060409924,0.3742840778923253,0.34196455850901314,0.6990163881002986,0.021222768798313443,0.7479695321001089,0.36424813410008533,395500
2019-11-15,0.6093023255813953,0.6170542635658914,0.6267942583732058,0.01996167989544274,0.35021408144423716,0.37783171521035597,0.37485681557846506,0.35021387106630003,0.7171856805835509,0.007167955024595945,0.7687138193688792,0.33102899791998114,398000
2019-11-18,0.6170542635658914,0.6248062015503876,0.6347687400318979,0.031149899426186064,0.3643385502576497,0.37918015102481123,0.37514318442153494,0.35976168652612284,0.7459903081322705,0.012930428671820121,0.7700805223068554,0.3529303805212287,402000
2019-11-19,0.6255813953488372,0.6255813953488372,0.631578947368421,0.016029589441560195,0.29800662716949594,0.37971952535059333,0.375,0.3681637641307669,0.7041280668475,0.0185523541813071,0.7684700761697495,0.35978220971491454,399000
2019-11-20,0.6147286821705427,0.6217054263565891,0.6283891547049442,0.023060538522569028,0.3310186248062904,0.3851132686084142,0.375,0.37228842040941035,0.7082032677923372,0.0174279690794097,0.7582676822633296,0.3748929401688484,399500
2019-11-21,0.6193798449612403,0.6193798449612403,0.6124401913875598,0.03304121386503027,0.24568512803854678,0.3826860841423948,0.3711340206185567,0.3742743660250535,0.5914041117707964,0.022347153900210845,0.7539847660500543,0.41184387617765766,391000
2019-11-22,0.6007751937984496,0.6062015503875969,0.6068580542264753,0.027173694762589833,0.268150595784281,0.3756742179072276,0.36970217640320735,0.3745035135960892,0.5189488374072263,0.011243851018974007,0.7598607181719259,0.4330723112688116,385000
2019-11-25,0.6031007751937985,0.6093023255813953,0.6156299840510366,0.02672531003400745,0.38529972571957305,0.3697411003236246,0.36726804123711343,0.3734341582645891,0.5794576138082086,0.004638088545326775,0.7801871599564743,0.39373547045148727,391000
2019-11-26,0.6062015503875969,0.6116279069767442,0.620414673046252,0.033016193865491164,0.30689837501545597,0.3643473570658037,0.3646907216494845,0.37167736021998166,0.5546935436610031,0.0,0.786176278563656,0.3901872017618987,389000
2019-11-27,0.6093023255813953,0.6162790697674418,0.6164274322169059,0.023764061404346237,0.40416625784127097,0.3629989212513484,0.36683848797250856,0.37167736021998166,0.6322574020422472,0.002951510892480686,0.797588683351469,0.41251682368775267,397000
2019-11-28,0.6139534883720931,0.6201550387596899,0.631578947368421,0.022546970110976866,0.34535334986956856,0.3673139158576052,0.3678407789232532,0.37175374274366024,0.6504093544694414,0.009065354884047779,0.7920826985854187,0.4238345772666093,399000
2019-11-29,0.6224806201550388,0.624031007751938,0.6267942583732058,0.024383635603459346,0.27406230270332305,0.371898597626753,0.3665521191294387,0.37137183012526737,0.5767011351798944,0.015179198875614898,0.7865767138193688,0.4414535666218039,393500
2019-12-02,0.6108527131782946,0.6170542635658914,0.6172248803827751,0.021069802506608903,0.29258336000724217,0.3713592233009709,0.3631156930126002,0.3696914146043385,0.5323304686039096,0.04736472241742798,0.7629771490750814,0.4664138015416615,390000
2019-12-03,0.5984496124031008,0.6108527131782946,0.6140350877192983,0.016952037319304575,0.36511939714229774,0.37405609492988134,0.36168384879725085,0.3688512068438741,0.5756070565051357,0.062122276879831365,0.7449836779107724,0.4925975773889634,394000
2019-12-04,0.610077519379845,0.6131782945736434,0.6196172248803827,0.0197628367412109,0.30223929876906763,0.3710895361380798,0.35939289805269187,0.3676290864650168,0.5422878211286765,0.04581869290231906,0.7620108813928184,0.5003058852318607,391500
2019-12-05,0.6069767441860465,0.6139534883720931,0.6140350877192983,0.022921611683022942,0.3698078441695186,0.36947141316073356,0.36082474226804123,0.3663305835624809,0.5923289945819953,0.041883345045678144,0.7660761697497277,0.4856233941025333,396000
2019-12-06,0.6147286821705427,0.6155038759689923,0.6220095693779905,0.028530371316545792,0.31670762973243904,0.37028047464940667,0.36368843069873996,0.36709440879926675,0.5778746201045539,0.029234012649332394,0.7908683351468986,0.46904441453566653,395000
2019-12-09,0.6062015503875969,0.6108527131782946,0.6140350877192983,0.020857132510526507,0.25915032048185016,0.3692017259978425,0.36282932416953034,0.3653376107546593,0.48207091207724984,0.06071679550245959,0.7822067464635473,0.49559525266120136,388000
2019-12-10,0.5953488372093023,0.6062015503875969,0.6108452950558214,0.014247902105959697,0.34579595236221494,0.36704422869471415,0.3631156930126002,0.36411549037580204,0.5076309898486241,0.05818692902319045,0.7792121871599563,0.4952281903829685,390000
2019-12-11,0.6069767441860465,0.610077519379845,0.6172248803827751,0.013096652916640604,0.31656048150322963,0.3656957928802589,0.36082474226804123,0.36403910785212346,0.49370220618538524,0.04848910751932538,0.7871425462459195,0.4898446103022141,389000
2019-12-12,0.6023255813953489,0.6077519379844961,0.6188197767145136,0.03079961943263859,0.3360090137823214,0.36245954692556637,0.3582474226804124,0.363198900091659,0.5078086174089612,0.033731553056922,0.8105941240478782,0.38755658876789506,390000
2019-12-13,0.6093023255813953,0.6155038759689923,0.6251993620414673,0.029334961828040178,0.384542963397925,0.3629989212513484,0.35896334478808706,0.3628933699969447,0.5881064665567283,0.015319747013352095,0.8107943416757346,0.4078673681634654,396000
2019-12-16,0.6124031007751938,0.6186046511627907,0.6283891547049442,0.022530838795484547,0.31670762973243904,0.3667745415318231,0.3603951890034364,0.36182401466544456,0.5715971845161211,0.008432888264230519,0.8305114254624589,0.36057751131775384,395000
2019-12-17,0.6108527131782946,0.6139534883720931,0.6251993620414673,0.024460012444157665,0.32627226463104325,0.36947141316073356,0.3606815578465063,0.36121295447601587,0.5715971845161208,0.010541110330288123,0.8314428726877039,0.33408785023859117,395000
2019-12-18,0.6139534883720931,0.6155038759689923,0.6275917065390749,0.024826423753197456,0.32147784004895796,0.3724379719525351,0.3615406643757159,0.36044912923923006,0.5622956782926589,0.01461700632466621,0.8302415669205656,0.3494432888780136,394500
2019-12-19,0.6116279069767442,0.6147286821705427,0.6275917065390749,0.019579795691951132,0.3358732669627225,0.37540453074433655,0.361397479954181,0.3611365719523373,0.5782044442895627,0.013492621222768808,0.8426289445048964,0.3287042701578368,395500
2019-12-20,0.6139534883720931,0.6162790697674418,0.6307814992025519,0.024892265857247735,0.3358489913563213,0.3756742179072276,0.3618270332187858,0.3628933699969447,0.5945735575703237,0.013633169360505982,0.8564265505984764,0.3050287532117956,396500
2019-12-23,0.6170542635658914,0.6565891472868217,0.6339712918660287,0.12676053555967434,0.5746391774079175,0.39050701186623515,0.37170675830469646,0.3677054689886954,0.8664407644580702,0.015038650737877727,0.8588552774755169,0.3334149027284962,422500
2019-12-24,0.6534883720930232,0.6713178294573643,0.6634768740031898,0.05631541001524245,0.2769662887513738,0.4023732470334412,0.37943871706758303,0.371982890314696,0.7689422973626981,0.015881939564300784,0.8583068552774755,0.33023369631714183,417000
2019-12-26,0.6511627906976745,0.6511627906976745,0.6586921850079744,0.04599828152108429,0.2944818953997109,0.41262135922330095,0.386454753722795,0.3745035135960892,0.7108814437489487,0.015600843288826438,0.8726964091403697,0.32277009665973316,413500
2019-12-27,0.6496124031007752,0.6790697674418604,0.6618819776714514,0.0732865415447216,0.4728297657617739,0.43096008629989213,0.39776632302405496,0.37916284754048274,0.8305478764276388,0.026563598032326077,0.8727921653971707,0.3067417105102171,429500
2019-12-30,0.6666666666666666,0.6852713178294574,0.6834130781499203,0.045051801275361555,0.3571374193911496,0.4506472491909385,0.4083619702176403,0.38519706691109074,0.8518374827839459,0.04609978917779341,0.8564874863982589,0.2962804355805705,433000
2020-01-02,0.6713178294573643,0.6813953488372093,0.6786283891547049,0.03564724434334023,0.286909263731937,0.4538834951456311,0.4179553264604811,0.39107852123434156,0.780668060285026,0.013070976809557293,0.8883133841131663,0.29609690444145403,428500
2020-01-03,0.6689922480620155,0.6767441860465117,0.6674641148325359,0.040759554512324,0.2688174916345262,0.45658036677454156,0.4256872852233677,0.3953559425603422,0.6856522409586642,0.0348559381588194,0.8682916213275298,0.34509971858558713,422000
2020-01-06,0.6426356589147287,0.6457364341085271,0.6555023923444976,0.03291380939369298,0.23651881866309699,0.4557713052858684,0.4306987399770905,0.39848762603116406,0.5598017922247005,0.03246661981728743,0.8782415669205659,0.3549492230515109,412000
2020-01-07,0.6441860465116279,0.6503875968992248,0.6555023923444976,0.028198527112132395,0.39062461399738174,0.4501078748651564,0.43742840778923253,0.40200122212037886,0.6224295667844417,0.03162333099086437,0.8703199129488572,0.35947632448305383,419000
2020-01-08,0.6395348837209303,0.6434108527131783,0.6395534290271132,0.050028805920521995,0.2313563889546781,0.4368932038834951,0.440864833906071,0.4040635502597006,0.5072143948384183,0.026844694307800423,0.8841349292709467,0.3234430441698281,408500
2020-01-09,0.6465116279069767,0.6534883720930232,0.6634768740031898,0.028370045793183366,0.43289979787031957,0.43230852211434734,0.4401489117983963,0.40895203177512984,0.6053920835717402,0.014054813773717497,0.9029815016322087,0.3069864186957057,420000
2020-01-10,0.6542635658914728,0.6806201550387597,0.6666666666666666,0.060633005988339365,0.47507065612504573,0.4401294498381877,0.4457331042382589,0.416055606477238,0.7163832597621744,0.014335910049191866,0.8948422198041348,0.3023981402177906,436500
2020-01-13,0.6806201550387597,0.6875968992248062,0.69377990430622,0.040855683984237404,0.360981042819793,0.45550161812297735,0.4534650630011455,0.423923006416132,0.7396497334463639,0.010962754743499665,0.9146724700761698,0.27780496757616585,440500
2020-01-14,0.6829457364341085,0.6852713178294574,0.6905901116427432,0.03471755383415032,0.278981061886071,0.4641316073354908,0.4550400916380298,0.4307974335472044,0.6792484412099068,0.011946591707659892,0.9103373231773667,0.29768750764713126,435000
2020-01-15,0.672093023255814,0.6767441860465117,0.6858054226475279,0.02019739462794273,0.32191870667719585,0.47815533980582525,0.4554696449026346,0.4366788878704552,0.6737028399456249,0.012368236120871408,0.915682263329706,0.30203107793955775,434500
2020-01-16,0.6744186046511628,0.6806201550387597,0.6866028708133971,0.022856098789492917,0.34370653583862587,0.48705501618122976,0.45776059564719357,0.44301863733577757,0.6880067198046906,0.010962754743499665,0.939638737758433,0.31316530037929796,436500
2020-01-17,0.6767441860465117,0.6806201550387597,0.6889952153110048,0.022173316170491543,0.33061086190463695,0.4873247033441208,0.4620561282932417,0.4494347693247785,0.6917444185474648,0.007870695713281806,0.950789989118607,0.31750887067172445,437000
2020-01-20,0.6806201550387597,0.686046511627907,0.6977671451355661,0.021782214072432898,0.33493953103801694,0.4859762675296656,0.4695017182130584,0.4560800488848152,0.6996384347956491,0.015776528460997898,0.9450250272034819,0.3063134711856107,438000
2020-01-21,0.6813953488372093,0.6891472868217055,0.696969696969697,0.02314712088939514,0.32627226463104325,0.48759439050701187,0.474942726231386,0.46257256339749464,0.6996384347956492,0.018411806043569928,0.9431033732317735,0.36993759941270044,438000
2020-01-22,0.6775193798449612,0.703875968992248,0.6961722488038278,0.05914234075264109,0.44733695841611787,0.4970334412081985,0.48739977090492553,0.4710510235258173,0.8036931078413893,0.019255094869992984,0.9439390642002176,0.343937354704515,452000
2020-01-23,0.727906976744186,0.7643410852713178,0.7312599681020734,0.14436836023531968,0.5860409770542009,0.5221143473570659,0.5054410080183276,0.48029330889092575,0.9471895408522427,0.020238931834153213,0.9472383025027202,0.3670622782332068,483000
2020-01-28,0.7395348837209302,0.7736434108527132,0.759170653907496,0.10536909437477984,0.41253220172901556,0.5528586839266451,0.5219072164948454,0.49205621753742745,0.9818032493914933,0.06661981728742096,0.9043220892274209,0.40725559769974257,494000
2020-01-29,0.7682170542635659,0.7682170542635659,0.773524720893142,0.053165194546956944,0.3032706730125372,0.5814455231930961,0.536368843069874,0.5038955087076077,0.9439364897764305,0.06816584680252988,0.9018498367791077,0.4290958032546194,491000
2020-01-30,0.7604651162790698,0.7751937984496124,0.773524720893142,0.05319186059909731,0.35712843913081743,0.6121898597626753,0.5535509736540665,0.513901619309502,0.9576721499278936,0.05551651440618413,0.9107812840043523,0.48391043680411183,495000
2020-01-31,0.7674418604651163,0.7744186046511627,0.7727272727272727,0.04351998472463186,0.24592933148276647,0.6297195253505933,0.5678694158075601,0.5217690192483959,0.8275945094297628,0.10260014054813774,0.8601697497279651,0.5287532117949348,484500
2020-02-03,0.7395348837209302,0.7503875968992249,0.7416267942583732,0.06362124988066119,0.2871845925995949,0.627831715210356,0.5801832760595648,0.5295600366636114,0.7706478930733316,0.09037245256500351,0.8805397170837868,0.4970635017741342,479500
2020-02-04,0.7488372093023256,0.7643410852713178,0.7695374800637959,0.03735617615396518,0.4289599402473419,0.6270226537216829,0.5960767468499427,0.5403299725022914,0.8335721092405962,0.06338721011946594,0.9229075081610446,0.45491251682368844,492500
2020-02-05,0.7682170542635659,0.7744186046511627,0.7799043062200957,0.031321418107237035,0.3070458919414628,0.6264832793959008,0.6109679266895762,0.5522456461961504,0.8051434316701312,0.05073787772312018,0.9552034820457018,0.45797136914229847,490000
2020-02-06,0.7713178294573644,0.8108527131782945,0.7878787878787878,0.09818835450705662,0.5504360751934363,0.6394282632146709,0.6341638029782359,0.5675221509318668,0.9184499069879042,0.048067463106113865,0.9648574537540806,0.4694726538602716,519000
2020-02-07,0.8077519379844961,0.8124031007751938,0.8133971291866029,0.0414021734478547,0.32627226463104325,0.6580366774541532,0.6533505154639175,0.5844026886648335,0.9184499069879042,0.055235418130709785,0.9491273122959738,0.5068518291936872,519000
2020-02-10,0.8046511627906977,0.827906976744186,0.8149920255183413,0.05037447696678595,0.4065488534910058,0.6852750809061489,0.6668098510882016,0.6012068438741216,0.952990794052077,0.04919184820801124,0.9703503808487487,0.4810351156246182,530000
2020-02-11,0.8310077519379845,0.8403100775193798,0.835725677830941,0.056251543174313676,0.311979451725959,0.7044228694714132,0.6765463917525774,0.6151848457073021,0.9300210922272674,0.051159522136331695,0.975277475516866,0.4448183041722747,528000
2020-02-12,0.8186046511627907,0.834108527131783,0.8373205741626795,0.043283940781611616,0.3406192169789502,0.7259978425026968,0.6877147766323024,0.6288573174457684,0.9368165014959912,0.03092059030217851,0.9941675734494013,0.4280557934662915,530000
2020-02-13,0.8325581395348837,0.8325581395348837,0.8405103668261563,0.036825488795319945,0.32627226463104325,0.7319309600862999,0.697737686139748,0.6433699969446991,0.9368165014959912,0.03668306394940268,0.9893710554951033,0.4590725559769971,530000
2020-02-14,0.8217054263565892,0.8263565891472868,0.8421052631578947,0.025476943741214193,0.3191258581785011,0.7373247033441208,0.7104810996563574,0.6578062939199512,0.9230760059914528,0.030077301475755453,0.9947856365614797,0.45222072678331127,529000
2020-02-17,0.8201550387596899,0.8201550387596899,0.8245614035087719,0.048048275430689666,0.25467310735604665,0.7313915857605178,0.7217926689576174,0.6704094103269173,0.7921285691591096,0.042199578355586805,0.9883416757344937,0.46384436559402864,519000
2020-02-18,0.7968992248062016,0.8031007751937984,0.8133971291866029,0.03999084794753701,0.2824850343437909,0.7233009708737864,0.7276632302405498,0.6820195539260617,0.7212476016566071,0.04624033731553058,0.9861936887921653,0.4985929279334393,513000
2020-02-19,0.7953488372093023,0.8015503875968992,0.7974481658692185,0.057807721303541976,0.26720644911685487,0.7098166127292341,0.7319587628865979,0.6922548120989918,0.6339389569126833,0.039915671117357714,1.0,0.510583629022391,505000
2020-02-20,0.786046511627907,0.7968992248062016,0.7894736842105263,0.08602567183636921,0.2775210364547904,0.6928263214670982,0.7260882016036655,0.7014970974641002,0.5687276861515567,0.05650035137034436,0.9887529923830249,0.5852808026428488,498500
2020-02-21,0.7643410852713178,0.765891472868217,0.7703349282296651,0.07048068028061905,0.23509644710212058,0.6699029126213593,0.7167812142038946,0.7067674915979224,0.4623791701541827,0.07786366830639492,0.9578672470076169,0.5966597332680775,486500
2020-02-24,0.7286821705426356,0.7403100775193798,0.7352472089314195,0.09181516804551006,0.1277446526965994,0.6386192017259978,0.6970217640320733,0.7034066605560648,0.29414704937400193,0.18959943780744906,0.8604918389553861,0.6706839593784417,461000
2020-02-25,0.7116279069767442,0.7434108527131783,0.7304625199362041,0.08116652455745876,0.47416102288972406,0.6202804746494067,0.6829896907216495,0.7011151848457073,0.43350124007341045,0.2292340126493324,0.7754602829162133,0.6515355438639421,479000
2020-02-26,0.7255813953488373,0.7511627906976744,0.74481658692185,0.0515984816810806,0.33417956195849063,0.6067961165048543,0.6686712485681557,0.6994347693247784,0.4406083781230948,0.2251581166549543,0.7651708378672468,0.631775357885721,480000
2020-02-27,0.7426356589147287,0.7503875968992249,0.7511961722488039,0.05465750583525647,0.32627226463104325,0.5968176914778857,0.6543528064146621,0.6971432936144211,0.4406083781230948,0.38819395643007726,0.6453623503808489,0.6309800562828831,480000
2020-02-28,0.7333333333333333,0.7364341085271318,0.726475279106858,0.07633042201496591,0.19607367207379114,0.5844120819848975,0.6355956471935853,0.6939352276199205,0.3359505871005067,0.40154602951510887,0.6239999999999998,0.5553652269668418,463500
2020-03-02,0.7178294573643411,0.7325581395348837,0.7296650717703349,0.04913335330543823,0.35487330879386,0.5876483279395901,0.6207044673539519,0.692025664527956,0.36490184011410737,0.3075193253689389,0.7423982589771491,0.49045638076593695,467000
2020-03-03,0.7434108527131783,0.7782945736434108,0.7599681020733652,0.07701090016032552,0.42765329835286675,0.5879180151024811,0.6111111111111112,0.6900397189123129,0.4615432651661419,0.35530569219957836,0.6667856365614797,0.43717117337574957,479500
2020-03-04,0.7434108527131783,0.7612403100775194,0.7639553429027113,0.04611548046629378,0.4013132583506465,0.5927723840345199,0.6065292096219931,0.6898869538649557,0.5267523202527746,0.2874209416725228,0.7771229597388464,0.4630490639911907,489000
2020-03-05,0.7728682170542636,0.7736434108527132,0.7814992025518341,0.04292839341974012,0.38436421892317985,0.6016720604099245,0.6059564719358533,0.6864497402994195,0.574597172628978,0.3946591707659873,0.6846920565832426,0.48501162363881045,496500
2020-03-06,0.7612403100775194,0.765891472868217,0.777511961722488,0.030755176012404652,0.2843150142601263,0.616504854368932,0.6072451317296678,0.6821723189734189,0.532194888589098,0.4272663387210119,0.6397997823721434,0.48488926954606615,491000
2020-03-09,0.7503875968992249,0.7751937984496124,0.7703349282296651,0.0665364090374872,0.3494143955058741,0.6310679611650486,0.6166953035509737,0.6766727772685609,0.5526193288252063,0.603232607167955,0.4432295973884656,0.5591582038419189,494000
2020-03-10,0.7581395348837209,0.7705426356589147,0.7751196172248804,0.05143683931563717,0.34160665904338033,0.639967637540453,0.6215635738831615,0.6717842957531317,0.5666140835963805,0.5026001405481376,0.5613318824809574,0.4662302704025451,496000
2020-03-11,0.786046511627907,0.7968992248062016,0.7599681020733652,0.06646892088083567,0.23463689157022086,0.6372707659115426,0.622709049255441,0.6647571035747021,0.46930777031807763,0.5953619114546732,0.4387203482045702,0.5088094946775973,484000
2020-03-12,0.7441860465116279,0.7581395348837209,0.74481658692185,0.08061608456759844,0.3184466542594577,0.6299892125134844,0.6235681557846506,0.6575771463489154,0.46160869733584875,0.8985242445537596,0.21174319912948839,0.6219870304661694,483000
2020-03-13,0.7209302325581395,0.7410852713178294,0.6698564593301436,0.15706403473829408,0.11846423434956464,0.6113807982740022,0.6215635738831615,0.6465016804155209,0.29138107471941055,0.650597329585383,0.41229162132752983,0.6254741221093845,456500
2020-03-16,0.7178294573643411,0.7356589147286822,0.6850079744816587,0.07188937209677472,0.10640089852818621,0.5768608414239482,0.6109679266895762,0.6329055912007333,0.17518654606870235,1.0,0.12947116430903158,0.7544965129083562,430000
2020-03-17,0.6356589147286822,0.6713178294573643,0.65311004784689,0.13945818532577028,0.21616774661222535,0.5345199568500539,0.593213058419244,0.6183165291781241,0.1315749372322867,0.9047083626141954,0.2540065288356909,0.7966474978588034,417500
2020-03-18,0.6596899224806202,0.6627906976744186,0.638755980861244,0.09115378411032503,0.1720468223857629,0.4894822006472492,0.5678694158075601,0.6023525817293003,0.07996816925750888,0.9122979620520026,0.13989118607181703,0.8990578734858681,400500
2020-03-19,0.6356589147286822,0.6449612403100775,0.5614035087719298,0.15493437188278789,0.0,0.42637540453074435,0.5304982817869416,0.582111212954476,0.0,0.8497540407589599,0.14971926006528816,0.910436804111097,366000
2020-03-20,0.5945736434108527,0.6992248062015504,0.5925039872408293,0.19316032223125723,0.9885840320360405,0.4120819848975189,0.5130297823596792,0.5734799877787962,0.36685683143491077,0.7659873506676037,0.05877693144722523,0.8895754312981772,430000
2020-03-23,0.6294573643410852,0.7046511627906977,0.6467304625199362,0.19414861221305188,0.379122433280076,0.4153182308522114,0.4964203894616266,0.5696608615948671,0.39259407038566035,0.7034434293745608,0.0,1.0,436000
2020-03-24,0.7015503875968992,0.7627906976744186,0.7145135566188198,0.16758099401824483,0.6737580829656601,0.44687162891046384,0.4906930126002291,0.5692025664527957,0.5421586333087699,0.7045678144764582,0.18274646354733393,0.762694237122232,476000
2020-03-25,0.7635658914728682,0.765891472868217,0.7368421052631579,0.14199442317378694,0.3183151313960699,0.48705501618122976,0.4881156930126002,0.5684387412160098,0.538290442326211,0.736612789880534,0.20732100108813917,0.7552918145111954,475000
2020-03-26,0.727906976744186,0.7364341085271318,0.7272727272727273,0.10669745882399417,0.17875539038435787,0.5358683926645091,0.4805269186712486,0.5648487626031164,0.4678608801378595,0.6951510892480675,0.34182372143634393,0.6353848036216818,456500
2020-03-27,0.724031007751938,0.7271317829457364,0.6953748006379585,0.13168223283743255,0.214262323408833,0.5428802588996764,0.4766609392898053,0.5617170791322945,0.42012750661208936,0.7589599437807449,0.26469640914036974,0.6312859415147438,443000
2020-03-30,0.6775193798449612,0.7007751937984497,0.6913875598086124,0.07141827184229499,0.3861214021907075,0.5504314994606256,0.48238831615120276,0.5591200733272227,0.44846432067425057,0.6400562192550948,0.33884657236126225,0.704576043068641,450000
2020-03-31,0.7054263565891473,0.7643410852713178,0.7145135566188198,0.21912943570024723,0.5956123833757422,0.5536677454153183,0.5008591065292096,0.5595019859456156,0.564695143166782,0.5903021784961349,0.30223286180631126,0.6684204086626696,482000
2020-04-01,0.7457364341085271,0.7534883720930232,0.7185007974481659,0.10304816020700758,0.09445885200553245,0.5415318230852212,0.5157502863688431,0.5539260617170791,0.45756978584855124,0.6397751229796205,0.20291621327529916,0.7779273216689101,452500
2020-04-02,0.6992248062015504,0.7255813953488373,0.7161084529505582,0.06171841307360818,0.4267167840524089,0.5458468176914779,0.5439576174112256,0.5490375802016498,0.4993078598739971,0.5533380182712578,0.25201305767138193,0.7237856356295113,464500
2020-04-03,0.7186046511627907,0.7410852713178294,0.7352472089314195,0.07257478839993811,0.35073466777322204,0.5590614886731392,0.554696449026346,0.5454476015887565,0.5098366494133675,0.4955727336612789,0.21871599564744287,0.7773767282515595,467500
2020-04-06,0.7356589147286822,0.7565891472868217,0.7543859649122807,0.07222845893263365,0.40323944428569464,0.5736245954692557,0.5664375715922108,0.5428505957836847,0.5437173637355689,0.4736472241742797,0.3710816104461369,0.704147803744036,477000
2020-04-07,0.7534883720930232,0.7534883720930232,0.7559808612440191,0.058338737872707463,0.3699447485076897,0.5738942826321467,0.5682989690721649,0.5407882676443629,0.5633852802407968,0.49416725228390723,0.3673645266594122,0.6478037440352384,482500
2020-04-08,0.748062015503876,0.7511627906976744,0.7615629984051037,0.04088465451001952,0.28702257116112256,0.587378640776699,0.5690148911798396,0.5397952948365414,0.5410540890116232,0.4470836261419536,0.44620674646354724,0.6528814388841307,477500
2020-04-09,0.7465116279069768,0.7488372093023256,0.7559808612440191,0.04123460529304675,0.3342044016359589,0.5949298813376483,0.5753150057273768,0.5391078521234342,0.545089151837175,0.4234715390021082,0.48088792165397176,0.6211917288633301,478500
2020-04-10,0.7751937984496124,0.9348837209302325,0.7886762360446571,1.0,0.9634748378759962,0.6442826321467098,0.6085337915234822,0.5547662694775435,0.7819043363653613,0.4217146872803935,0.474752992383025,0.6240670500428237,559000
2020-04-13,0.8837209302325582,0.9131782945736434,0.8596491228070176,0.39008516676158905,0.19075901168480602,0.6777238403451996,0.634020618556701,0.5714176596394744,0.6951213876453912,0.4164441321152495,0.456348204570185,0.651046127492965,539000
2020-04-14,0.8403100775193798,0.8682170542635659,0.8437001594896332,0.17748628015156853,0.34735350073408955,0.7098166127292341,0.6512027491408935,0.5904369080354415,0.7025489297512716,0.36851721714687274,0.5298454842219803,0.6298788694481832,542000
2020-04-16,0.8310077519379845,0.8573643410852713,0.8532695374800638,0.09801255608924239,0.31229589776813815,0.7435275080906149,0.6762600229095075,0.611747632141766,0.6934082728530531,0.40154602951510887,0.4893579978237215,0.7306986418695707,540000
2020-04-17,0.8573643410852713,0.8806201550387597,0.84688995215311,0.255792294498563,0.5086379700310995,0.790722761596548,0.7053264604810997,0.6423006416131989,0.759362687214113,0.3739985945186226,0.5546550598476604,0.6527590847913864,566000
2020-04-20,0.8682170542635659,0.8930232558139535,0.8851674641148325,0.15566949897450924,0.32627226463104325,0.7944983818770227,0.7335337915234822,0.6630766880537733,0.759362687214113,0.453829936753338,0.5099107725788898,0.6795546311024098,566000
2020-04-21,0.8806201550387597,0.9038759689922481,0.8883572567783095,0.32831737210994316,0.41326650572294277,0.8160733549083063,0.7627434135166093,0.6849220898258478,0.7912979511848591,0.47603654251581157,0.434524483133841,0.7587177291080384,579000
2020-04-22,0.8883720930232558,0.9209302325581395,0.9122807017543859,0.20583789015561782,0.33281388020936364,0.8365695792880259,0.7906643757159221,0.700809654750993,0.7937708534352182,0.4278285312719606,0.4891490750816103,0.7617154043802763,580000
2020-04-23,0.9007751937984496,0.9426356589147287,0.9186602870813397,0.3386009211310357,0.46340934017723967,0.8694714131607335,0.8260309278350515,0.7200580507179957,0.8437724859197301,0.41939564300773013,0.4878346028291622,0.7585953750152941,601000
2020-04-24,0.9271317829457364,0.9348837209302325,0.937799043062201,0.13195942809548422,0.26325071022426577,0.8829557713052859,0.8582474226804123,0.7406049495875344,0.7861960347694846,0.3427969079409698,0.5217323177366701,0.7407316774746109,591000
2020-04-27,0.9193798449612403,0.924031007751938,0.9282296650717703,0.058088208666796155,0.3070458919414628,0.8948220064724919,0.8665521191294387,0.7627558814543233,0.7687922743392438,0.3056921995783556,0.5580674646354733,0.6907500305885236,588000
2020-04-28,0.9131782945736434,0.9271317829457364,0.9298245614035088,0.062325477272951735,0.32627226463104325,0.8996763754045307,0.8805841924398625,0.783837457989612,0.768792274339244,0.3096275474349965,0.5449314472252447,0.6868346996207021,588000
2020-04-29,0.9100775193798449,0.9131782945736434,0.9266347687400319,0.051946127990466065,0.28118184296619425,0.9002157497303128,0.8917525773195877,0.7989611976779712,0.7243283211842328,0.27673928320449753,0.6111947769314473,0.6213140829560744,581000
2020-05-04,0.8775193798449612,0.8868217054263566,0.8851674641148325,0.09966947263766761,0.16329483692676916,0.8759439050701187,0.8963344788087056,0.8147723800794379,0.5825499439664381,0.3433591004919184,0.5269553862894448,0.7013336596109144,556000
2020-05-06,0.8697674418604651,0.896124031007752,0.8915470494417863,0.06729721454978815,0.45570448221575416,0.8673139158576052,0.8989117983963345,0.8316529178124045,0.6529292312237795,0.31735769501054106,0.5318998911860718,0.7341857335127858,575000
2020-05-07,0.8852713178294573,0.896124031007752,0.9027113237639554,0.0457408388942477,0.27357528487664573,0.8559870550161812,0.8991981672394044,0.8468530400244424,0.6107199923955315,0.2796907940969782,0.5604265505984766,0.6764346017374275,567000
2020-05-08,0.8852713178294573,0.9286821705426357,0.9090909090909091,0.1443025181312694,0.4665535764772404,0.8559870550161812,0.9017754868270332,0.8638099602810877,0.6845249762349663,0.23106113843991566,0.6027421109902068,0.6745381132998897,588000
2020-05-11,0.9178294573643411,0.924031007751938,0.9266347687400319,0.05425455215846878,0.3133892870125149,0.8586839266450917,0.9034936998854525,0.8796211426825542,0.6733938451429067,0.2252986647926915,0.6031947769314473,0.696623027040255,586000
2020-05-12,0.9085271317829458,0.9193798449612403,0.9298245614035088,0.0619715759636815,0.3650531051072955,0.8781014023732471,0.9009163802978236,0.8971127406049496,0.6945787263072675,0.3021784961349262,0.550789989118607,0.7176067539459191,592000
2020-05-13,0.9131782945736434,0.9596899224806201,0.937799043062201,0.16805143585168408,0.47982343030052965,0.9002157497303128,0.9080756013745704,0.9181179346165598,0.7712723131523841,0.3336612789880534,0.5071599564744287,0.721705616052857,616000
2020-05-14,0.9503875968992248,0.951937984496124,0.9569377990430622,0.06259378384695662,0.3016774891774894,0.924487594390507,0.9149484536082474,0.9262144821264895,0.7464648405635577,0.29613492621222764,0.5354515778019586,0.7218279701456013,612000
2020-05-15,0.9550387596899225,0.9565891472868217,0.9585326953748007,0.04868398094529509,0.2829500947961883,0.9336569579288025,0.9198167239404352,0.9362969752520623,0.7026505977073765,0.28601546029515107,0.545201305767138,0.7564541783922676,605000
2020-05-18,0.951937984496124,0.9705426356589147,0.9409888357256778,0.07204969762013715,0.27618835825289656,0.9395900755124056,0.9243986254295533,0.9446990528567064,0.6534271471000559,0.24961349262122276,0.6237301414581065,0.7080019576654839,597000
2020-05-19,0.9426356589147287,0.9441860465116279,0.9441786283891547,0.0615449191294357,0.34530540744434607,0.9439050701186623,0.9369988545246277,0.9538649556981362,0.6654950445434811,0.2669009135628953,0.5967704026115342,0.7074513642481346,600000
2020-05-20,0.9286821705426357,0.9348837209302325,0.94896331738437,0.03346392017303305,0.32627226463104325,0.9352750809061489,0.9441580756013745,0.9590589673082799,0.6654950445434811,0.2312016865776528,0.6391381936887922,0.7210326685427634,600000
2020-05-21,0.931782945736434,0.9457364341085271,0.9473684210526315,0.054297349526101456,0.3830861959287528,0.9336569579288025,0.9561855670103093,0.965627864344638,0.7041215029132701,0.2528460997891778,0.6190293797606095,0.7569435947632448,609000
2020-05-22,0.9767441860465116,0.9922480620155039,0.9744816586921851,0.13089113995726848,0.38224658118051147,0.9406688241639698,0.9647766323024055,0.9715857011915674,0.740684212604215,0.2335910049191848,0.6250707290533186,0.802153432032302,618000
2020-05-25,0.9596899224806201,0.9829457364341085,0.9824561403508771,0.07461358915185494,0.41207539711949426,0.959546925566343,0.9779495990836197,0.9795294836541399,0.7926289415244049,0.2320098383696416,0.6487834602829162,0.8039275663770956,632000
2020-05-26,0.9844961240310077,1.0,1.0,0.0769812712135029,0.40418166408992856,0.9838187702265372,0.993127147766323,0.9862511457378552,0.8355485776081082,0.2314827828531272,0.6566877040261152,0.7429952281903831,645000
2020-05-27,1.0,1.0,0.9936204146730463,0.06833719058326228,0.20295520444996737,0.9967637540453075,0.995418098510882,0.9912923923006416,0.6837631546138991,0.22600140548137737,0.69530359085963,0.7874709409029732,624000
2020-05-28,0.9596899224806201,0.9720930232558139,0.9617224880382775,0.07354167969791643,0.24736402671755708,0.9978425026968716,0.9951317296678122,0.9948059883898565,0.6029323443737956,0.23963457484188333,0.6897323177366702,0.7860638688364124,611000
2020-05-29,0.9550387596899225,0.9736434108527132,0.9776714513556619,0.04922882435631113,0.3944613802093093,1.0,1.0,1.0,0.6496503660647784,0.22445537596626847,0.7024243743199128,0.7466658509727145,622000
